Year,Mo,Dy,Earthquake Magnitude,Vol,Country,Location Name,Latitude,Longitude,Maximum Water Height (m),Number of Runups,Tsunami Magnitude (Abe),Tsunami Magnitude (Iida),Tsunami Intensity,Total Deaths,Total Missing,Total Injuries,Total Damage ($Mil),Total Houses Destroyed,Total Houses Damaged
2000,1,26,,,PHILIPPINES,"TAWI-TAWI, PHILIPPINES",5.1,120.15,20,4,,,,,,,,300,
2000,4,5,5.5,,GREECE,CRETE,34.22,25.69,0.5,1,,,,,,,,,
2000,5,4,7.6,,INDONESIA,SULAWESI,-1.105,123.573,6,2,,,,54,,264,30,23000,
2000,6,18,7.9,,AUSTRALIA,SOUTH INDIAN OCEAN,-13.802,97.453,0.3,1,,,,,,,,,
2000,7,1,6.1,5104,JAPAN,"KOZU-SHIMA ISLAND, HONSHU",34.221,139.131,0.07,4,,,,1,,,,,
2000,7,8,,,RUSSIA,KERCH STRAIT,45.12,36.7,0.5,1,,,-1,,,,,,
2000,7,15,6.1,,JAPAN,HONSHU: S COAST,34.319,139.26,0.07,1,,,,,,10,,,20
2000,7,30,6.5,,JAPAN,HONSHU: S COAST,33.901,139.376,0.14,1,,,,,,1,,,
2000,11,4,,,USA,"POINT ARGUELLO, S. CALIFORNIA",34.5,-120.65,4.6,1,,,,,,,,,
2000,11,16,8,,PAPUA NEW GUINEA,BISMARCK SEA,-4.001,152.327,3,9,,,,2,,,,,
2000,11,21,,,GREENLAND,"PAATUUT, GREENLAND",70.25,-52.75,50,4,,,,,,,,,
2001,1,13,7.7,,EL SALVADOR,EL SALVADOR,13.049,-88.66,0.25,1,,,,844,,4723,753,108226,169632
2001,6,23,8.4,,PERU,S. PERU,-16.265,-73.641,8.8,152,,,,103,138,2713,200,25399,
2001,10,12,6.1,,CANADA,QUEEN CHARLOTTE ISLANDS,52.63,-132.2,0.11,4,,,,,,,,,
2001,12,18,6.8,,TAIWAN,TAIWAN,23.954,122.734,0.16,6,,,,,,,,,
2002,1,2,7.2,,VANUATU,VANUATU ISLANDS,-17.6,167.856,3,2,,-4.64,-4.14,,,,,,
2002,3,5,7.5,,PHILIPPINES,"MINDANAO ISLAND, PHILIPPINES",6.033,124.249,3,3,,,,15,,100,1.714,,800
2002,3,24,,,GREECE,DODECANESE ISLANDS,36.45,28.2,4,1,,,,,,,,,
2002,3,26,6.4,,JAPAN,JAPAN,23.346,124.09,0.05,3,,,,,,,,,
2002,3,31,7.1,,TAIWAN,TAIWAN,24.279,122.179,0.2,11,,,,5,,200,,100,
2002,9,8,7.6,,PAPUA NEW GUINEA,BISMARCK SEA,-3.26,142.94,5.5,88,,0.58,1.08,4,,70,,,873
2002,9,13,6.5,,INDIA,"ANDAMAN ISLANDS, INDIA",13.036,93.068,,4,,,,2,,,,40,
2002,10,10,7.6,,INDONESIA,IRIAN JAYA,-1.757,134.297,5,3,,2.32,2.82,8,,632,,1000,900
2002,11,4,,,NEW ZEALAND,ALBERT TOWN,-44.7,169.2,,1,,,,,,,,,
2002,12,30,,4703,ITALY,STROMBOLI ISLAND,38.789,15.213,10.9,41,,,5,,,,,,
2003,1,20,7.3,,SOLOMON ISLANDS,SOLOMON ISLANDS,-10.491,160.77,2,2,,,,,,,,,
2003,1,22,7.5,,MEXICO,S. MEXICO,18.77,-104.104,0.61,6,,,0.5,29,,300,,2005,6615
2003,5,21,6.8,,ALGERIA,N. ALGERIA,36.964,3.634,3,39,,1,1.5,2287,800,11000,5000,19000,163000
2003,5,27,5.7,,ALGERIA,ALGIERS,36.939,3.578,0.08,2,,,,9,,200,,,
2003,7,4,,,USA,"WARREN DUNES, MICHIGAN",,,,0,,,,7,,,,,
2003,7,12,,4542,MONTSERRAT,SOUFRIERE HILLS VOLCANO,16.722,-62.18,4,5,,,,,,,,,
2003,7,14,,,CHINA,"QINGGAN RIVER, HUBEI PROVINCE",30.97,110.605,39,1,,,,,11,,,,
2003,8,4,7.6,,ANTARCTICA,SCOTIA SEA,-60.532,-43.411,,1,,,,,,,,,
2003,8,14,6.3,,GREECE,IONIAN SEA,39.16,20.605,0.5,1,,,,,,50,,,
2003,8,21,7.2,,NEW ZEALAND,SOUTH ISLAND,-45.104,167.144,4,3,,,,,,,,,
2003,9,25,8.3,,JAPAN,HOKKAIDO ISLAND,41.815,143.91,4.4,268,,,,2,,849,90,,
2003,10,31,7,,JAPAN,E. HONSHU ISLAND,37.812,142.619,0.32,4,,,,,,,,,
2003,11,17,7.8,,USA,"RAT ISLANDS, ALEUTIAN ISLANDS, AK",51.146,178.65,0.33,20,,,,,,,,,
2003,12,27,7.3,,NEW CALEDONIA,LOYALTY ISLANDS,-22.015,169.766,0.15,2,,,,,,,,,
2004,1,28,6.7,,INDONESIA,SERAM ISLAND,-3.12,127.4,,1,,,,,,,,,
2004,2,11,5.3,,JORDAN,DEAD SEA,31.675,35.551,1,1,,,,,,4,,,
2004,8,24,,,FRANCE,MARSEILLES,43.3,5.37,,1,,,,,,,,,
2004,9,5,7.2,,JAPAN,SOUTH COAST HONSHU ISLAND,33.07,136.618,0.63,12,,,,,,4,,,
2004,9,5,7.4,,JAPAN,SOUTH COAST HONSHU ISLAND,33.184,137.071,0.93,24,,,,,,40,,,
2004,11,2,6.6,,CANADA,VANCOUVER ISLAND,49.277,-128.772,0.06,2,,,,,,,,,
2004,11,11,7.5,,INDONESIA,KEPULAUAN ALOR,-8.152,124.868,2,3,,,,34,,400,,781,16712
2004,11,21,6.3,,GUADELOUPE (FRENCH TERRITORY),"BASSE-TERRE, LES SAINTES",15.679,-61.706,2,9,,,,1,,12,,,
2004,11,22,7.1,,NEW ZEALAND,PUYSEGUR TRENCH,-46.676,164.721,,1,,,,,,,,,
2004,11,28,7,,JAPAN,HOKKAIDO ISLAND,43.006,145.119,0.12,2,,,,,,24,,,
2004,12,23,8.1,,AUSTRALIA,MACQUARIE ISLAND,-49.312,161.345,0.3,4,,,,,,,,,
2004,12,26,9.1,,INDONESIA,OFF W. COAST OF SUMATRA,3.295,95.982,50.9,2176,,,,227899,,,10000,,
2005,1,19,6.6,,JAPAN,E. HONSHU ISLAND,34.064,141.491,0.39,11,,,,,,,,,
2005,2,14,5.8,,GUADELOUPE (FRENCH TERRITORY),DOMINICA PASSAGE,15.775,-61.744,,2,,,,,,,,,
2005,3,28,8.6,,INDONESIA,INDONESIA,2.085,97.108,4.2,74,,,,1319,,340,,300,
2005,4,10,6.7,,INDONESIA,KEPULAUAN MENTAWAI,-1.644,99.607,0.4,1,,,,,,,,,
2005,6,15,7.2,,USA,N. CALIFORNIA,41.301,-125.97,0.1,5,,,,,,,,,
2005,8,16,7.2,,JAPAN,E. COAST HONSHU ISLAND,38.276,142.039,0.05,1,,,,,,56,,1,
2005,11,14,7,,JAPAN,E. COAST HONSHU ISLAND,38.107,144.896,0.42,1,,,,,,,,,
2005,12,9,,,CANADA,BRITISH COLUMBIA,,,0.08,14,,,,,,,,,
2006,1,1,5.6,7540,JAPAN,S. OF HONSHU ISLAND,31.394,140.131,,0,,,,,,,,,
2006,3,14,6.7,,INDONESIA,SERAM ISLAND,-3.595,127.214,3.5,1,,,,4,,,1,241,
2006,5,3,8,,TONGA,TONGA,-20.187,-174.123,0.27,55,,,,,,1,,,
2006,5,20,,4623,MONTSERRAT,SOUFRIERE HILLS VOLCANO,16.722,-62.18,1,4,,,,,,,,,
2006,6,15,,,SPAIN,"CIUTADELLA, MENORCA ISLAND",40,3.83,6,1,,,,,,,33,,
2006,7,17,7.7,,INDONESIA,SOUTH OF JAVA,-9.254,107.411,20.9,211,8.1,,,802,,498,55,1623,
2006,8,27,,,SOUTH KOREA,YELLOW SEA,,,,1,,,,1,,,,,
2006,9,28,6.9,,SAMOA,SAMOA ISLANDS,-16.592,-172.033,0.08,1,,,,,,,,,
2006,10,15,6.7,,USA,HAWAII,19.878,-155.935,0.1,1,,,,,,,,,
2006,10,23,6.4,,JAPAN,"IZU ISLANDS, JAPAN",29.351,140.27,0.16,5,,,,,,,,,
2006,11,13,5.2,,TAIWAN,SOUTH CHINA SEA,20.656,119.997,0.15,1,,,,,,,,,
2006,11,15,8.3,,RUSSIA,S. KURIL ISLANDS,46.592,153.266,21.9,261,,,,,,1,,,
2006,12,26,7,,TAIWAN,TAIWAN,21.799,120.547,0.12,7,,,,2,,40,,,
2007,1,13,8.1,,RUSSIA,S. KURIL ISLANDS,46.243,154.524,0.4,46,,,,,,,,,
2007,3,25,7.1,,VANUATU,VANUATU ISLANDS,-20.617,169.357,0.08,2,,,,,,,,,
2007,3,25,6.7,,JAPAN,HONSHU: W COAST,37.336,136.588,0.1,3,,,,1,,359,,13556,
2007,3,31,,,SOUTH KOREA,YELLOW SEA,,,1.65,2,,,,4,,,2,,
2007,4,1,8.1,,SOLOMON ISLANDS,SOLOMON ISLANDS,-8.46,157.044,12.1,247,,,,52,,,,2500,500
2007,4,21,6.2,,CHILE,SOUTHERN CHILE,-45.285,-72.606,50,7,,,,10,,,,,2
2007,5,7,,,BULGARIA,BLACK SEA,43,29,3,2,,,,,,,,,
2007,5,19,,7524,PAPUA NEW GUINEA,"RITTER ISLAND, PAPUA NEW GUINEA",-5.52,148.121,10,2,,,,,,,,,
2007,6,15,,,CHINA,"DAYANTANG, ENSHI",30.394,110.16,50,8,,,,8,,,,15,
2007,7,16,6.6,,JAPAN,HONSHU: W COAST,37.57,138.478,,1,,,,9,,1088,,875,
2007,8,2,6.2,,RUSSIA,TATAR STRAIT,47.116,141.798,3.2,18,,,,2,,12,,11,20
2007,8,2,6.7,,USA,"ALEUTIAN ISLANDS, AK",51.307,-179.971,0.03,1,,,,,,,,,
2007,8,15,8,,PERU,S. PERU,-13.386,-76.603,10.05,135,,,,514,,1090,,52154,23632
2007,9,2,7.2,,SOLOMON ISLANDS,SANTA CRUZ ISLANDS,-11.61,165.762,0.05,2,,,,,,,,,
2007,9,12,8.4,,INDONESIA,SUMATRA,-4.438,101.367,5,56,,,,25,,161,,56425,
2007,9,30,7.4,,NEW ZEALAND,AUCKLAND ISLANDS,-49.418,163.954,0.35,8,,,,,,,,,
2007,11,14,7.7,,CHILE,NORTHERN CHILE,-22.247,-69.89,0.28,6,,,,2,,65,,,
2007,11,29,7.4,,MARTINIQUE (FRENCH TERRITORY),MARTINIQUE,14.944,-61.274,,0,,,,,,,,,
2007,12,4,,,CANADA,"CHEHALIS LAKE, CHILLIWACK",49.475,-121.847,38,1,,,,,,,,,
2007,12,9,7.8,,KERMADEC ISLANDS,KERMADEC ISLANDS,-25.996,-177.514,0.03,1,,,,,,,,,
2008,2,25,6.5,,INDONESIA,SUMATRA,-2.486,99.972,0.12,1,,,,,,,,,
2008,4,9,7.3,,NEW CALEDONIA,LOYALTY ISLANDS,-20.071,168.892,0.16,1,,,,,,,,,
2008,4,28,6.4,,VANUATU,VANUATU ISLANDS,-19.941,168.953,0.03,2,,,,,,,,,
2008,5,4,,,SOUTH KOREA,YELLOW SEA,,,1.3,2,,,,9,,15,,,
2008,5,12,7.9,,CHINA,SICHUAN PROVINCE,30.98,103.396,,1,,,,87652,,374171,86000,5360000,
2008,6,13,6.9,,JAPAN,"ARATOZAWA, JAPAN",39.03,140.881,2.5,0,,,,23,,357,,,614
2008,7,19,6.9,,JAPAN,OFF EAST COAST OF HONSHU ISLAND,37.552,142.214,0.2,3,,,,,,,,,
2008,8,8,,4924,USA,"KASATOCHI VOLCANO, ALEUTIAN IS, AK",52.18,-175.5,0.19,2,,,,,,,,,
2008,8,20,,,SOUTH AFRICA,SOUTHERN ATLANTIC OCEAN,-28.5,13.2,2.55,2,,,,,,,,,
2008,9,11,6.8,,JAPAN,HOKKAIDO ISLAND,41.892,143.754,0.09,1,,,,6,,77,,,1000
2008,10,28,,,USA,MAINE,43.8,-69.7,3.6,5,,,,,,,0.02,,
2008,11,16,7.3,,INDONESIA,SULAWESI,1.271,122.091,0.13,3,,,,6,,77,,,1000
2008,11,23,,,CHINA,"WU GORGE, WUSHAN COUNTY",31.065,109.92,13.1,1,,,,,,,0.746,,
2009,1,3,7.6,,INDONESIA,NEAR NORTH COAST,-0.414,132.885,0.39,24,,,,5,,250,,,840
2009,1,3,7.3,,INDONESIA,NEAR NORTH COAST,-0.691,133.305,,0,,,,,,,,,
2009,1,15,7.4,,RUSSIA,KAMCHATKA,46.857,155.154,0.11,11,,,,,,,,,
2009,1,16,,,USA,"COLUMBIA RIVER VALLEY, WA",,,9,1,,,,,,,,,
2009,2,11,7.2,,INDONESIA,CELEBES SEA,3.884,126.397,0.13,1,,,,,,64,,,597
2009,2,24,,,EAST CHINA SEA,E. CHINA SEA-S.JAPAN,,,1.45,6,,,,,,,,,
2009,3,19,7.6,,TONGA,TONGA,-23.046,-174.659,0.15,27,,,,,,,,,
2009,5,28,7.3,,HONDURAS,OFF COAST OF HONDURAS,16.72,-86.236,4,2,,,,7,,40,100,135,25
2009,7,1,6.4,,GREECE,CRETE,34.164,25.471,0.3,3,,,,,,,,,
2009,7,15,7.8,,NEW ZEALAND,OFF WEST COAST OF SOUTH ISLAND,-45.762,166.562,0.47,10,,,,,,,,,
2009,7,20,,,CHINA,"XIAOWAN RESERVOIR, YUNNAN PROVINCE",24.75,100,30,0,,,,2,12,,,,
2009,8,10,7.5,,INDIA,ANDAMAN ISLANDS,14.099,92.888,0.01,1,,,,,,,,,
2009,8,10,6.4,,JAPAN,HONSHU: S COAST,34.743,138.264,0.6,5,,,,1,,123,,5192,
2009,8,16,6.7,,INDONESIA,SUMATRA,-1.479,99.49,0.18,1,,,,,,9,,,
2009,8,25,,,USA,"COLUMBIA RIVER VALLEY, WA",,,,1,,,,,,,,,
2009,9,2,7,,INDONESIA,JAVA SEA,-7.782,107.297,0.4,2,,,,81,,1297,,,54000
2009,9,29,8.1,,SAMOA,SAMOA ISLANDS,-15.489,-172.095,22.35,618,,,,192,,7,285,,
2009,9,30,7.5,,INDONESIA,SUMATRA,-0.72,99.867,0.27,1,,,,1117,,1214,2200,,181665
2009,10,7,7.6,,VANUATU,VANUATU ISLANDS,-13.006,166.51,0.29,37,,,,,,,,,
2010,1,2,,,SOUTH KOREA,CHEJU (JEJU) STRAIT,,,,0,,,,1,,,,,
2010,1,3,6.6,,SOLOMON ISLANDS,SOLOMON ISLANDS,-8.743,157.477,0.01,1,,,,,,,,,
2010,1,3,7.1,,SOLOMON ISLANDS,SOLOMON ISLANDS,-8.799,157.346,7.52,51,,,,,,,,16,60
2010,1,5,6.8,,SOLOMON ISLANDS,SOLOMON ISLANDS,-9.019,157.551,0.03,1,,,,,,,,,
2010,1,12,7,,HAITI,HAITI & DOMINICAN REPUBLIC,18.457,-72.533,3.21,25,,,,316000,,300000,8000,97294,188383
2010,2,26,7,,JAPAN,RYUKYU ISLANDS,25.93,128.425,0.1,2,,,,,,,,,
2010,2,27,8.8,,CHILE,CENTRAL CHILE,-36.122,-72.898,29,684,,,,558,,12000,30000,,500000
2010,3,11,6.9,,CHILE,CENTRAL CHILE,-34.29,-71.891,0.14,2,,,,,,,,,
2010,4,6,7.8,,INDONESIA,SUMATRA,2.383,97.048,0.44,6,,,,,,,,,
2010,4,13,,,PERU,"513 LAKE, HUALCAN GLACIER",-9.282,-77.645,23,1,,,,1,,,,50,
2010,4,13,,,COOK ISLANDS,"MANGAIA ISLAND, COOK ISLANDS",-21.955,-157.92,,1,,,,,,,,,
2010,5,29,,5184,USA TERRITORY,"SOUTH OF SARIGAN IS, N. MARIANA IS",16.708,145.97,0.04,1,,,,,,,,,
2010,6,12,7.5,,INDIA,LITTLE NICOBAR ISLAND,7.881,91.936,0.03,2,,,,,,,,,
2010,8,10,7.2,,VANUATU,VANUATU ISLANDS,-17.541,168.069,0.23,1,,,,,,,,,
2010,8,13,6.9,,USA TERRITORY,"GUAM, MARIANA ISLANDS",12.484,141.476,0.07,1,,,,,,,,,
2010,10,25,7.8,,INDONESIA,SUMATRA,-3.487,100.082,16.9,358,,,,431,,,39,700,
2010,12,21,7.4,,JAPAN,BONIN ISLANDS,26.901,143.698,0.13,4,,,,,,,,,
2010,12,25,7.3,,VANUATU,VANUATU ISLANDS,-19.702,167.947,4.1,12,,,,,,4,,,
2011,1,9,6.5,,VANUATU,VANUATU ISLANDS,-19.157,168.311,0.03,1,,,,,,,,,
2011,2,11,6.8,,CHILE,CENTRAL CHILE,-36.474,-73.125,0.15,1,,,,,,,,,
2011,2,17,,,NORWAY,SVALBARD,78.37,16.62,0.3,0,,,,,,,,,
2011,2,21,6.1,,NEW ZEALAND,SOUTH ISLAND,-43.583,172.68,3.5,1,,,,185,,1500,15000,100000,
2011,3,9,7.5,,JAPAN,HONSHU ISLAND,38.435,142.842,0.6,11,,,,,,,,,
2011,3,11,9.1,,JAPAN,HONSHU ISLAND,38.297,142.373,39.26,6418,,,,18428,,6167,220136.6,123661,280920
2011,4,7,7.1,,JAPAN,E. COAST HONSHU ISLAND,38.276,141.588,0.08,1,,,,3,,132,,,
2011,5,10,6.8,,NEW CALEDONIA,LOYALTY ISLANDS,-20.244,168.226,0.03,1,,,,,,,,,
2011,6,24,7.3,,USA,"ATKA, ALEUTIAN ISLANDS, AK",52.05,-171.836,0.1,7,,,,,,,,,
2011,6,27,,,UK,"PLYMOUTH, ENGLAND",50.5,-3,0.4,4,,,,,,,,,
2011,7,6,7.6,,NEW ZEALAND,KERMADEC ISLANDS,-29.539,-176.34,1.2,24,,,,,,,,,
2011,7,10,7,,JAPAN,OFF EAST COAST OF HONSHU ISLAND,38.034,143.264,0.09,1,,,,,,,,,
2011,7,30,,,NORWAY,"LYSEFJOREN, WESTERN NORWAY",59.05,6.64,1.5,1,,,,,,,,,
2011,8,6,,,NORWAY,"LYSEFJOREN, WESTERN NORWAY",59.05,6.64,,0,,,,,,,,,
2011,8,20,7.1,,VANUATU,VANUATU ISLANDS,-18.365,168.143,0.19,4,,,,,,,,,
2011,8,20,7,,VANUATU,VANUATU ISLANDS,-18.311,168.218,0.15,1,,,,,,,,,
2011,9,2,6.8,,USA,"FOX ISLANDS, ALEUTIAN ISLANDS, AK",52.171,-171.708,0.06,1,,,,,,,,,
2011,10,21,7.4,,NEW ZEALAND,KERMADEC ISLANDS,-28.993,-176.238,0.14,3,,,,,,,,,
2012,2,2,7,,VANUATU,VANUATU ISLANDS,-17.827,167.133,0.08,1,,,,,,,,,
2012,3,9,6.7,,VANUATU,OFF EAST COAST OF VANUATU,-19.125,169.613,0.05,2,,,,,,,,,
2012,3,14,6.9,,JAPAN,HOKKAIDO ISLAND,40.887,144.944,0.2,2,,,,,,,,,
2012,3,20,7.4,,MEXICO,S. MEXICO,16.493,-98.231,0.2,2,,,,2,,13,600,800,
2012,4,11,8.6,,INDONESIA,OFF W. COAST OF N SUMATRA,2.327,93.063,1.08,25,,,,10,,12,,,
2012,4,11,8.2,,INDONESIA,OFF W. COAST OF N SUMATRA,0.802,92.463,,4,,,,,,,,,
2012,4,14,6.3,,VANUATU,VANUATU ISLANDS,-18.972,168.741,,1,,,,,,,,,
2012,7,15,,,GREENLAND,"ILULISSAT ICEFJORD, GREENLAND",69.2,-51.3,,0,,,,,,,,,
2012,8,27,7.3,,EL SALVADOR,EL SALVADOR-NICARAGUA,12.139,-88.59,6.3,39,,,,,,40,,,
2012,8,31,7.6,,PHILIPPINES,PHILIPPINE ISLANDS,10.811,126.638,0.15,17,,,,1,,1,0.3,,
2012,9,5,7.6,,COSTA RICA,COSTA RICA,10.085,-85.315,0.16,5,,,,2,,20,45,,
2012,10,28,7.7,,CANADA,BRITISH COLUMBIA,52.788,-132.101,12.98,178,,,,1,,,,,
2012,11,7,7.3,,GUATEMALA,GUATEMALA,13.988,-91.895,0.35,7,,,,48,,155,210,2769,7561
2012,12,7,7.2,,JAPAN,OFF EAST COAST OF HONSHU ISLAND,37.89,143.949,1,3,,,,,,11,,,
2012,12,28,,,CHINA,"ZHAOJUN BRIDGE, HUBEI PROVINCE",31.256,110.733,,0,,,,,,,,,
2013,1,5,7.5,,USA,"SE. ALASKA, AK",55.393,-134.652,1.5,8,,,,,,,,,
2013,2,6,7.9,,SOLOMON ISLANDS,SANTA CRUZ ISLANDS,-10.766,165.114,11,124,,,,10,,15,36,588,478
2013,2,8,7,,SOLOMON ISLANDS,SANTA CRUZ ISLANDS,-10.928,166.018,0.09,1,,,,,,,,,
2013,4,19,7.2,,RUSSIA,S. KURIL ISLANDS,46.221,150.788,0.2,1,,,,,,,,,
2013,4,22,6,,MEXICO,MEXICO,18.081,-102.182,0.13,1,,,,,,,,,
2013,6,13,,,USA,NORTHWEST ATLANTIC OCEAN,,,1.8,38,,,,,,2,,,
2013,6,15,6.2,,GREECE,CRETE,34.4,25.02,0.01,1,,,,,,,,,
2013,7,21,6.5,,NEW ZEALAND,COOK STRAIT,-41.704,174.337,0.07,2,,,,,,5,50,,35
2013,8,16,6.5,,NEW ZEALAND,WELLINGTON,-41.734,174.152,0.08,2,,,,,,,,,
2013,9,24,7.7,,PAKISTAN,OFF COAST GWADAR,25.18,62.26,0.57,11,,,,825,,619,100,32638,14118
2013,10,12,6.6,,GREECE,CRETE,35.514,23.252,0.01,1,,,,,,1,,,
2013,10,25,7.1,,JAPAN,E. COAST HONSHU ISLAND,37.156,144.661,0.4,9,,,,,,1,,,
2013,11,17,7.7,,ANTARCTICA,SCOTIA SEA,-60.274,-46.401,0.15,2,,,,,,,,,
2014,3,16,6.7,,CHILE,NORTHERN CHILE,-19.981,-70.702,0.26,7,,,,,,,,,
2014,4,1,8.2,,CHILE,NORTHERN CHILE,-19.61,-70.769,4.63,201,,,,7,,,100,,2600
2014,4,3,7.7,,CHILE,NORTHERN CHILE,-20.571,-70.493,0.74,5,,,,,,,,,
2014,4,12,7.6,,SOLOMON ISLANDS,SOLOMON ISLANDS,-11.27,162.148,0.05,8,,,,,,,,,
2014,4,13,7.4,,SOLOMON ISLANDS,SOLOMON ISLANDS,-11.463,162.051,0.16,9,,,,,,,,,
2014,4,18,7.2,,MEXICO,S. MEXICO,17.397,-100.972,0.43,3,,,,,,,,,127
2014,4,19,7.5,,PAPUA NEW GUINEA,SOLOMON SEA,-6.755,155.024,0.11,1,,,,,,,,,
2014,5,24,6.9,,GREECE,NORTH AEGEAN SEA,40.289,25.389,0.16,1,,,,3,,310,4500,,
2014,6,23,6.9,,NEW ZEALAND,"S OF RAOUL ISLAND, KERMADEC ISLANDS",-29.977,-177.725,0.13,5,,,,,,,,,
2014,6,23,7.9,,USA,"ALEUTIAN ISLANDS, AK",51.849,178.735,0.17,20,,,,,,,,,
2014,6,23,,,SPAIN,MEDITERRANEAN AND BLACK SEAS,,,2.5,5,,,,,,15,,,
2014,6,27,,,UKRAINE,ODESSA,46.32,30.67,2,0,,,,,,,,,
2014,7,2,,,GREENLAND,"ILULISSAT ICEFJORD, GREENLAND",69.8,-50.217,10,1,,,,,,,,,
2014,7,11,6.5,,JAPAN,SANRIKU,37.005,142.453,0.2,6,,,,,,,,,
2014,7,21,,,ICELAND,ASKJA LAKE,65.02,-16.7,60,1,,,,,,,,,
2014,7,25,6,,USA,"PALMA BAY, AK",58.335,-136.971,0.08,1,,,,,,,,,
2014,10,9,7,,CHILE,EASTER ISLAND REGION,-32.108,-110.811,0.47,5,,,,,,,,,
2014,10,14,7.3,,EL SALVADOR,GULF OF FONSECA,12.526,-88.123,0.02,2,,,,1,,,,5,41
2014,11,15,7.1,,INDONESIA,N. MOLUCCAS ISLANDS,1.893,126.522,0.09,3,,,,,,,,,
2015,2,16,6.7,,JAPAN,HONSHU,39.856,142.881,0.27,3,,,,,,,,,
2015,2,19,6.4,,VANUATU,VANUATU ISLANDS,-16.431,168.148,8,6,,,,,,,,,
2015,3,29,7.5,,PAPUA NEW GUINEA,BISMARCK SEA,-4.729,152.562,0.5,2,,,,,,,,,
2015,5,2,5.7,7537,JAPAN,S. OF HONSHU ISLAND,31.529,140.213,0.6,16,,,,,,,,,
2015,5,5,7.5,,PAPUA NEW GUINEA,NEW BRITAIN,-5.462,151.875,1,1,,,,,,,,,
2015,5,10,,,NORWAY,NORTHERN NORWAY,69.8,20.92,,0,,,,,,,,,
2015,6,24,,,CHINA,"WUSHAN, CHONGQING",31.077,109.896,6.2,1,,,,2,,4,,,
2015,7,1,,,SCOTLAND,NORTH SEA,,,0.18,3,,,,,,1,,,
2015,7,10,6.7,,SOLOMON ISLANDS,SOLOMON ISLANDS,-9.307,158.403,0.01,1,,,,,,,,,
2015,7,18,7,,SOLOMON ISLANDS,SANTA CRUZ ISLANDS,-10.401,165.141,0.09,5,,,,,,,,,
2015,7,27,6.9,,USA,"FOX ISLANDS, ALEUTIAN ISLANDS, AK",52.376,-169.446,0.08,2,,,,,,,,,
2015,9,16,8.3,,CHILE,CENTRAL CHILE,-31.573,-71.674,13.6,1128,,8.4,,15,1,14,600,2305,10044
2015,10,18,,,USA,"ICY BAY, AK",60.08,-141.3,193,3,,,,,,,,,
2015,11,11,6.9,,CHILE,CENTRAL CHILE,-29.507,-72.007,0.55,2,,,,,,,,,
2015,11,13,6.7,,JAPAN,JAPAN,31.001,128.873,0.3,1,,,,,,,,,
2015,11,17,6.5,,GREECE,IONIAN SEA,38.67,20.6,0.15,1,,,,2,,8,,1,
2015,11,18,6.8,,SOLOMON ISLANDS,SOLOMON ISLANDS,-8.899,158.422,0.1,1,,,,,,,,,
2016,1,25,6.3,,MOROCCO,MOROCCO,35.649,-3.682,0.02,2,,,,1,,26,,,
2016,3,2,7.8,,INDONESIA,SW. SUMATRA,-4.952,94.33,0.21,13,,,,,,,,,
2016,4,16,7.8,,ECUADOR,OFF COAST,0.382,-79.922,0.6,7,,,,663,9,6274,3300,6998,29672
2016,4,28,7,,VANUATU,VANUATU ISLANDS,-16.043,167.379,0.02,2,,,,,,,,,
2016,8,12,7.2,,NEW CALEDONIA,LOYALTY ISLANDS,-22.477,173.117,0.19,1,,,,,,,,,
2016,8,19,7.4,,UK TERRITORY,SOUTHERN ATLANTIC OCEAN,-55.285,-31.877,0.1,1,,,,,,,,,
2016,8,20,6,,JAPAN,SANRIKU,40.394,143.68,0.01,0,,,,,,,,,
2016,9,1,7,,NEW ZEALAND,GISBORNE,-37.359,179.146,0.21,4,,,,,,,,,
2016,11,13,7.8,,NEW ZEALAND,OFF EAST COAST OF SOUTH ISLAND,-42.737,173.054,6.9,17,,,,2,,,3900,,
2016,11,21,6.9,,JAPAN,E. COAST HONSHU ISLAND,37.393,141.387,1.44,44,,,,,,,,,
2016,11,24,6.9,,NICARAGUA,NICARAGUA,11.91,-88.897,0.08,3,,,,,,,,,
2016,12,8,7.8,,SOLOMON ISLANDS,SOLOMON ISLANDS,-10.681,161.327,0.43,11,,,,1,,,,191,126
2016,12,9,6.9,,SOLOMON ISLANDS,SOLOMON ISLANDS,-10.749,161.132,0.05,5,,,,,,,,,
2016,12,17,7.9,,PAPUA NEW GUINEA,SOLOMON SEA,-4.505,153.522,0.08,5,,,,,,,,,
2016,12,25,7.6,,CHILE,SOUTHERN CHILE,-43.406,-73.941,0.44,4,,,,,,,,,
2017,1,3,6.9,,FIJI,FIJI ISLANDS,-19.373,176.052,0.01,1,,,,,,,,,
2017,1,22,7.9,,PAPUA NEW GUINEA,BOUGAINVILLE ISLAND,-6.246,155.172,0.04,1,,,,3,,,,,
2017,3,19,,,IRAN,PERSIAN GULF,27.835,51.94,3,27,,,,5,,22,10,85,
2017,4,24,6.9,,CHILE,CENTRAL CHILE,-33.038,-72.062,0.16,4,,,,,,,,,
2017,4,28,6.9,,PHILIPPINES,"SOCCSKSARGEN, PHILIPPINES",5.504,125.066,0.2,1,,,,,,7,,1,
2017,5,1,6.2,,USA,"SKAGWAY, AK",59.821,-136.711,0.06,1,,,,,,,,,
2017,5,29,,,NETHERLANDS,NORTH SEA,,,2,2,,,,,,,,,
2017,6,12,6.3,,GREECE,LESBOS,38.93,26.365,0.4,1,,,,1,,15,,10,250
2017,6,17,,,GREENLAND,"KARRAT FJORD, GREENLAND",71.813,-52.569,90,5,,,,4,,9,,11,
2017,7,17,7.7,,RUSSIA,BERING ISLAND,54.443,168.857,0.1,1,,,,,,,,,
2017,7,19,,,COLOMBIA,OFF THE COAST NEAR SANTA MARTA,11,-74.3,8,7,,,,,,,,1,
2017,7,20,6.6,,TURKEY,GULF OF GÖKOVA,36.929,27.414,1.9,40,,,,2,,500,,,
2017,9,8,8.2,,MEXICO,S. MEXICO,15.022,-93.899,2.7,68,,,,98,,251,4000,47468,94027
2017,10,31,6.7,,NEW CALEDONIA,LOYALTY ISLANDS,-21.697,169.149,0.15,4,,,,,,,,,
2017,11,1,6.6,,NEW CALEDONIA,LOYALTY ISLANDS,-21.648,168.859,0.1,4,,,,,,,,,
2017,11,5,,,VIETNAM,QUANG NAM,15.317,108.249,8.5,1,,,,1,,3,,3,3
2017,11,19,6.3,,NEW CALEDONIA,LOYALTY ISLANDS,-21.638,168.673,0.05,1,,,,,,,,,
2017,11,19,6.6,,NEW CALEDONIA,LOYALTY ISLANDS,-21.503,168.598,0.08,1,,,,,,,,,
2017,11,19,7,,NEW CALEDONIA,LOYALTY ISLANDS,-21.325,168.672,0.37,5,,,,,,,,,
2017,12,8,,,KERMADEC ISLANDS,KERMADEC ISLANDS,-30,-179,0.5,6,,,,,,,,,
2018,1,10,7.5,,HONDURAS,OFF COAST OF HONDURAS,17.483,-83.52,0.4,8,,,,,,,,,7
2018,1,14,7.1,,PERU,S. PERU,-15.768,-74.709,0.15,4,,,,,,,,,
2018,1,23,7.9,,USA,"KODIAK ISLAND, AK",56.004,-149.166,0.25,64,,,,,,,,,
2018,2,9,,7104,PAPUA NEW GUINEA,"KADOVAR ISLAND, PAPUA NEW GUINEA",-3.608,144.588,1,1,,,,,,,,,
2018,5,4,6.9,6864,USA,HAWAII,19.318,-155,0.4,7,,,,,,1,370,716,
2018,5,6,5.4,7541,JAPAN,S. OF HONSHU ISLAND,31.444,140.193,0.15,1,,,,,,,,,
2018,5,15,,,USA,NORTHEAST U.S.A.,,,0.22,10,,,,,,,,,
2018,7,16,,,SPAIN,BALEARIC ISLANDS,,,0.75,3,,,,1,,,,,
2018,7,28,6.4,,INDONESIA,BALI SEA,-8.24,116.508,2.5,2,,,,17,,355,,5448,
2018,8,5,6.9,,INDONESIA,BALI SEA,-8.258,116.438,2,6,,,,560,,7733,509,,83392
2018,8,19,8.2,,FIJI,FIJI ISLANDS,-18.113,-178.153,,0,,,,,,,,,
2018,8,19,6.3,,INDONESIA,BALI SEA,-8.337,116.599,,0,,,,2,,1,,,1705
2018,8,21,7.3,,VENEZUELA,SUCRE,10.773,-62.902,,1,,,,5,,,,,
2018,8,29,7.1,,NEW CALEDONIA,LOYALTY ISLANDS,-22.03,170.126,0.27,7,,,,,,,,,
2018,9,28,7.5,,INDONESIA,SULAWESI,-0.256,119.846,10.73,291,,,,4340,667,10679,1500,3673,39191
2018,10,16,6.5,,NEW CALEDONIA,LOYALTY ISLANDS,-21.743,169.522,0.05,1,,,,,,,,,
2018,10,25,6.8,,GREECE,IONIAN SEA,37.52,20.557,0.5,9,,,,,,3,,,120
2018,12,5,7.5,,NEW CALEDONIA,LOYALTY ISLANDS,-21.95,169.427,2,34,,,,,,,,,
2018,12,11,,,RUSSIA,"BUREYA, FAR EASTERN RUSSIA",50.559,131.472,90,49,,,,,,,,,
2018,12,22,,7264,INDONESIA,KRAKATAU,-6.102,105.423,85,410,,,,437,10,31943,250,,2844
2019,3,20,,,JAPAN,"NAGASAKI, JAPAN",,,2.9,2,,,,,,,,,
2019,4,14,,,USA,LAKE ERIE,,,1.75,2,,,,,,,,,
2019,5,14,7.6,,PAPUA NEW GUINEA,"RABAUL, NEW BRITAIN",-4.051,152.597,,0,,,,,,,,,
2019,6,14,6.4,,CHILE,CENTRAL CHILE,-30.056,-72.082,0.07,1,,,,,,,,,
2019,6,15,7.2,,NEW ZEALAND,"S OF RAOUL ISLAND, KERMADEC ISLANDS",-30.805,-178.095,0.14,7,,,,,,,,,
2019,6,18,6.4,,JAPAN,NIIGATA,38.646,139.472,0.11,8,,,,,,28,,,144
2019,7,3,,7364,ITALY,STROMBOLI ISLAND,38.789,15.213,1.3,4,,,,1,,1,,,
2019,8,2,6.9,,INDONESIA,W. JAVA,-7.282,104.791,,6,,,,8,,8,,13,458
2019,8,28,,7424,ITALY,STROMBOLI ISLAND,38.789,15.213,0.3,2,,,,,,,,,
2019,11,14,7.1,,INDONESIA,N. MOLUCCAS ISLANDS,1.6,126.416,0.11,8,,,,1,,3,,,36
2020,1,7,6.4,,USA TERRITORY,PUERTO RICO,17.916,-66.813,0.06,6,,,,4,,,800,300,1390
2020,1,28,7.7,,CUBA,OFF SE COAST,19.44,-78.755,0.11,2,,,,,,,,1,
2020,3,25,7.5,,RUSSIA,N. KURIL ISLANDS,48.986,157.693,0.25,16,,,,,,,,,
2020,4,23,,,USA,GULF OF MEXICO,,,0.5,1,,,,,,,,,
2020,5,2,6.6,,GREECE,CRETE,34.205,25.712,0.95,15,,,,,,,,,
2020,5,29,,7504,INDONESIA,LESSER SUNDA: BALI: IJEN VOLCANO,-8.058,114.242,3,1,,,,1,,,,,
2020,6,13,,,USA,GULF OF MEXICO,,,0.5,1,,,,,,,,,
2020,6,18,7.4,,NEW ZEALAND,"S OF RAOUL ISLAND, KERMADEC ISLANDS",-33.294,-177.838,0.11,4,,,,,,,,,
2020,6,23,7.4,,MEXICO,OFF COAST OF OAXACA,16.029,-95.901,1.57,9,,,,10,,24,,,8123
2020,7,22,7.8,,USA,"SHUMAGIN ISLANDS, AK",55.03,-158.522,0.24,13,,,,,,,,,
2020,10,19,7.6,,USA,"SHUMAGIN ISLANDS, AK",54.608,-159.655,0.76,33,,,,,,,,,
2020,10,30,7,,TURKEY,AEGEAN SEA,37.918,26.79,5.3,268,,,,118,,1054,400,,
2020,11,14,,,SPAIN,"VALLE GRAN REY, LA GOMERA ISLAND",28.08,-17.325,0.5,1,,,,,,,,,
2020,11,28,,,CANADA,"ELLIOT CREEK, BC",50.97,-124.6,,0,,,,,,,,,
2020,12,27,6.7,,CHILE,CENTRAL CHILE,-39.343,-74.99,0.16,1,,,,,,,,,
2021,1,23,6.9,,ANTARCTICA,SCOTIA SEA,-61.825,-55.494,0.04,2,,,,,,,,,
2021,2,10,7.7,,NEW CALEDONIA,LOYALTY ISLANDS,-23.054,171.601,0.78,39,,,,,,,,,
2021,2,13,7.1,,JAPAN,OFF FUKUSHIMA PREFECTURE,37.745,141.749,0.1,4,,,,1,,186,7700,798,19758
2021,3,4,7.3,,NEW ZEALAND,GISBORNE,-37.563,179.444,0.28,9,,,,,,,,,
2021,3,4,7.4,,NEW ZEALAND,"S OF RAOUL ISLAND, KERMADEC ISLANDS",-29.613,-177.843,0.31,11,,,,,,,,,
2021,3,4,8.1,,NEW ZEALAND,"S OF RAOUL ISLAND, KERMADEC ISLANDS",-29.74,-177.267,1,174,,,,,,,,,
2021,3,18,6,,ALGERIA,N. ALGERIA,36.915,5.199,0.05,5,,,,,,17,,,
2021,4,19,,7528,SAINT VINCENT AND THE GRENADINES,SOUFRIERE VOLCANO,13.33,-61.18,0.1,4,,,,,,,,,
2021,5,19,,7566,ITALY,STROMBOLI ISLAND,38.789,15.213,0.36,2,,,,,,,,,
2021,6,16,5.8,,INDONESIA,BANDA SEA,-3.593,129.503,0.51,3,,,,,,,,,
2021,7,29,8.2,,USA,"KODIAK ISLAND, AK",55.325,-157.841,0.42,63,,,,,,,,,
2021,8,11,7.1,,PHILIPPINES,"MINDANAO ISLAND, PHILIPPINES",6.455,126.742,0.05,2,,,,1,,,,,
2021,8,12,8.1,,UK TERRITORY,SOUTHERN ATLANTIC OCEAN,-58.416,-25.321,0.64,52,,,,,,,,,
2021,8,14,7.2,,HAITI,PORT-AU-PRINCE,18.408,-73.475,,3,,,,2248,329,12763,1600,53815,83770
2021,9,8,7,,MEXICO,S. MEXICO,16.982,-99.773,0.48,1,,,,3,,,200,,7317
2021,10,12,6.4,,GREECE,CRETE,35.193,26.256,,0,,,,,,,,,
2021,12,14,7.3,,INDONESIA,FLORES SEA,-7.603,122.2,0.07,2,,,,,,1,,41,200
2022,1,13,,,TONGA,TONGA ISLANDS,-20.536,-175.382,0.15,1,,,,,,,,,
2022,1,15,,7551,TONGA,TONGA ISLANDS,-20.536,-175.382,22,769,,,,6,,20,135.368,284,182
2022,1,16,,,TONGA,TONGA ISLANDS,-20.536,-175.382,0.36,1,,,,,,,,,
2022,1,29,6.5,,NEW ZEALAND,KERMADEC ISLANDS,-29.531,-176.749,0.1,1,,,,,,,,,
2022,3,16,7.3,,JAPAN,OFF FUKUSHIMA PREFECTURE,37.702,141.587,0.31,11,,,,4,,247,8800,217,56718
2022,3,30,6.9,,NEW CALEDONIA,LOYALTY ISLANDS,-22.716,170.286,0.07,3,,,,,,,,,
2022,3,31,7,,NEW CALEDONIA,LOYALTY ISLANDS,-22.579,170.354,0.05,1,,,,,,,,,
2022,4,12,,,PHILIPPINES,"ABUYOG, LEYTE",10.715,125.04,,0,,,,170,128,,,,
2022,5,8,,,USA,"RESURRECTION BAY, AK",60.092,-149.444,0.06,1,,,,,,,,,
2022,5,25,5.5,,MEXICO,S. MEXICO,16.325,-95.856,0.24,4,,,,,,,,,
2022,6,29,,,CHILE,TODOS LOS SANTOS LAKE,-41.142,-72.396,0.8,1,,,,,,,,,
2022,7,27,7,,PHILIPPINES,N. LUZON ISLAND,17.56,120.801,0.08,1,,,,11,,609,48.48,856,35924
2022,9,19,7.6,,MEXICO,MEXICO,18.367,-103.252,0.79,14,,,,2,,10,25,800,6084
2022,9,22,6.8,,MEXICO,S. MEXICO,18.308,-102.923,0.09,3,,,,2,,3,,,
2022,10,9,,7557,ITALY,STROMBOLI ISLAND,38.789,15.213,0.04,2,,,,,,,,,
2022,11,11,7.3,,TONGA,TONGA ISLANDS,-19.318,-172.1,0.12,4,,,,,,,,,
2022,11,22,7,,SOLOMON ISLANDS,SOLOMON ISLANDS,-9.812,159.596,0.03,1,,,,,,3,,,
2022,11,30,5.4,,NEW ZEALAND,"LAKE TAUPO, NORTH ISLAND",-38.808,175.906,1,4,,,,,,,,,
2022,12,4,,7558,ITALY,STROMBOLI ISLAND,38.789,15.213,0.75,3,,,,,,,,,
2023,1,9,7.6,,INDONESIA,SOUTH MALUKU,-7.049,130.038,0.09,2,,,,1,,11,,37,327
2023,1,31,,7562,VANUATU,EAST EPI VOLCANO,-16.68,168.37,0.05,2,,,,,,,,,
2023,2,6,7.8,,TURKEY,GULF OF ISKENDERUN,37.166,37.042,0.25,6,,,,56697,,119200,42900,542461,1474182
2023,3,16,7,,KERMADEC ISLANDS,"SE RAOUL ISLAND, KERMADEC ISLANDS",-30.115,-176.112,0.11,2,,,,,,,,,
2023,4,24,7.1,,NEW ZEALAND,"S OF RAOUL ISLAND, KERMADEC ISLANDS",-29.968,-177.826,0.11,3,,,,,,,,,
2023,4,24,7.1,,INDONESIA,SW. SUMATRA,-0.799,98.524,0.11,1,,,,,,,,,
2023,5,5,6.2,,JAPAN,"NOTO PENINSULA, JAPAN",37.54,137.305,0.1,2,,,,1,,34,,3,351
2023,5,19,7.7,,NEW CALEDONIA,LOYALTY ISLANDS,-23.229,170.694,0.61,24,,,,,,,,,
2023,5,20,7.1,,NEW CALEDONIA,LOYALTY ISLANDS,-23.062,170.456,0.14,4,,,,,,,,,
2023,6,21,,,USA,GULF OF MEXICO,,,0.6,1,,,,,,,,,
2023,7,16,7.2,,USA,"SAND POINT, AK",54.46,-160.76,0.15,3,,,,1,,,,,
2023,9,16,,,GREENLAND,"DICKSON FJORD, GREENLAND",72.83,-26.95,,1,,,,,,,,,
2023,10,5,6.1,,JAPAN,"IZU ISLANDS, JAPAN",29.94,139.95,0.3,1,,,,,,,,,
2023,10,8,,,JAPAN,"IZU ISLANDS, JAPAN",29.7,139.9,0.6,16,,,,,,,,,
2023,11,22,6.7,,VANUATU,VANUATU ISLANDS,-14.985,167.983,0.06,1,,,,,,,,,
2023,12,2,7.6,,PHILIPPINES,E. MINDANAO ISLAND,8.527,126.449,0.32,29,,,,3,,79,22.6,390,8315
2023,12,7,7.1,,VANUATU,VANUATU ISLANDS,-20.659,169.206,0.08,3,,,,,,,,,
2024,1,1,7.5,,JAPAN,HONSHU: W COAST,37.498,137.242,6.2,100,,,,299,3,1327,17600,29756,98598
2024,4,2,7.4,,TAIWAN,E. TAIWAN-RYUKYU ISLANDS,23.819,121.562,1,12,,,,18,2,1145,2.53,111,297
2024,6,28,7.2,,PERU,S. PERU,-15.811,-74.445,0.2,1,,,,,,14,,,
